i,j,sim,id_i,id_j,label_i,label_j,duplicate,label_conflict
9,2907,1.0000001,00cb6555d108,ca25745942b0,1,1,True,False
16,439,1.0000001,012a242ac6ff,1f07dae3cadb,2,2,True,False
19,2919,0.99999994,0161338f53cc,cac40227d3b2,2,2,True,False
29,3004,0.558152,0231642cf1c2,d15ca3469b87,0,2,False,True
32,818,0.9953952,0243404e8a00,3b018e8b7303,4,3,True,True
32,857,0.9954545,0243404e8a00,3ddb86eb530e,4,2,True,True
35,2169,1.0,026dcd9af143,98e8adcf085c,2,2,True,False
43,2890,0.9999999,034cb07a550f,c8d2d32f7f29,4,4,True,False
59,679,0.9999999,04ac765f91a1,3044022c6969,1,1,True,False
60,2108,0.5166265,04aef84a2cc1,94145d1f42cf,0,0,False,False
72,1420,1.0000002,05a5183c92d0,63a03880939c,1,1,True,False
90,1840,1.0000002,07419eddd6be,81b0a2651c45,2,2,True,False
96,596,0.5132153,07a0be6b347f,29f9e1ac9507,0,0,False,False
103,125,0.6064173,07f5d7baf907,09662e462531,0,0,False,False
103,249,0.59292257,07f5d7baf907,12b57dac703e,0,0,False,False
103,517,0.5064226,07f5d7baf907,24f3e70f0419,0,0,False,False
103,732,0.5824848,07f5d7baf907,3486f7096276,0,0,False,False
103,1842,0.54566455,07f5d7baf907,81d79d53ed7b,0,0,False,False
103,2088,0.53615063,07f5d7baf907,92889b863ae6,0,0,False,False
103,2519,0.610077,07f5d7baf907,ae94ce412de9,0,0,False,False
103,2796,0.564893,07f5d7baf907,c1437a7a52c9,0,0,False,False
103,2879,0.5152936,07f5d7baf907,c7c3d363bc86,0,0,False,False
125,249,0.75844395,09662e462531,12b57dac703e,0,0,False,False
125,517,0.6149397,09662e462531,24f3e70f0419,0,0,False,False
125,732,0.7487918,09662e462531,3486f7096276,0,0,False,False
125,973,0.5164737,09662e462531,4554062fa836,0,0,False,False
125,1510,0.60051185,09662e462531,6a2c3f4ef329,0,0,False,False
125,1842,0.74092865,09662e462531,81d79d53ed7b,0,0,False,False
125,1848,0.5442145,09662e462531,82910bba4753,0,2,False,True
125,2088,0.5970956,09662e462531,92889b863ae6,0,0,False,False
125,2179,0.5115265,09662e462531,992b9a07b25f,0,0,False,False
125,2216,0.5719891,09662e462531,9ba469af2980,0,0,False,False
125,2519,0.71652085,09662e462531,ae94ce412de9,0,0,False,False
125,2535,0.57440984,09662e462531,af6a1508cd95,0,0,False,False
125,2765,0.6226398,09662e462531,bf7221a016b5,0,0,False,False
125,2796,0.6792981,09662e462531,c1437a7a52c9,0,0,False,False
125,2879,0.57462955,09662e462531,c7c3d363bc86,0,0,False,False
125,3196,0.5119696,09662e462531,de730033c683,0,0,False,False
125,3463,0.5667397,09662e462531,f06e7a9df795,0,0,False,False
125,3566,0.6871975,09662e462531,f85fd4fac887,0,0,False,False
143,642,0.5190378,0a9ec1e99ce4,2d552318eb07,2,2,False,False
145,3627,1.0000001,0ac436400db4,fda39982a810,2,3,True,True
164,865,1.0000001,0c7e82daf5a0,3e86335bc2fd,2,2,True,False
168,1037,1.0,0cb14014117d,4a44cc840ebe,3,2,True,True
169,2929,0.5116249,0cb6b898389f,cb28adab4e8a,0,0,False,False
183,1485,0.51946265,0da632ca45e0,681c3c115684,0,2,False,True
190,2111,0.99999976,0dce95217626,94372043d55b,1,1,True,False
212,1875,0.51824737,0fc6829da85b,8433a032b96c,0,0,False,False
219,930,1.0,1006345f70b7,435d900fa7b2,2,2,True,False
226,2345,0.5209269,10de500cf0c5,a419fcb2dfb5,0,0,False,False
234,709,0.9999999,111898ab463d,33105f9b3a04,1,1,True,False
236,1446,1.0,11242a67122d,65c958379680,4,4,True,False
249,517,0.6154048,12b57dac703e,24f3e70f0419,0,0,False,False
249,732,0.73526496,12b57dac703e,3486f7096276,0,0,False,False
249,973,0.5090482,12b57dac703e,4554062fa836,0,0,False,False
249,1510,0.53355134,12b57dac703e,6a2c3f4ef329,0,0,False,False
249,1842,0.6590881,12b57dac703e,81d79d53ed7b,0,0,False,False
249,1848,0.54541785,12b57dac703e,82910bba4753,0,2,False,True
249,1986,0.5034147,12b57dac703e,8b76c3c5cb3e,0,3,False,True
249,2088,0.65698195,12b57dac703e,92889b863ae6,0,0,False,False
249,2216,0.54129326,12b57dac703e,9ba469af2980,0,0,False,False
249,2519,0.6942283,12b57dac703e,ae94ce412de9,0,0,False,False
249,2535,0.5784739,12b57dac703e,af6a1508cd95,0,0,False,False
249,2765,0.59763944,12b57dac703e,bf7221a016b5,0,0,False,False
249,2796,0.62176424,12b57dac703e,c1437a7a52c9,0,0,False,False
249,2879,0.5657685,12b57dac703e,c7c3d363bc86,0,0,False,False
249,3196,0.5143835,12b57dac703e,de730033c683,0,0,False,False
249,3463,0.53967416,12b57dac703e,f06e7a9df795,0,0,False,False
249,3566,0.6272794,12b57dac703e,f85fd4fac887,0,0,False,False
252,3066,1.0,12e3f5f2cb17,d567a1a22d33,1,1,True,False
257,627,0.99999994,135575dc57c9,2c2aa057afc5,2,2,True,False
264,1978,0.99999976,1411c8ab7161,8acffaf1f4b9,2,2,True,False
270,425,0.9999998,144b01e7b993,1e143fa3de57,2,2,True,False
271,2694,1.0000001,14515b8f19b6,ba2624883599,2,2,True,False
273,3474,1.0,14e3f84445f7,f0f89314e860,3,4,True,True
284,1700,0.5055333,15b21c80cc31,780f9c237c56,0,0,False,False
297,2388,1.0,1632c4311fc9,a75bab2463d4,2,1,True,True
299,1251,0.9999998,1638404f385c,576e189d23d4,4,4,True,False
300,995,0.54633105,164cd5a3a6cd,47536db39f00,0,0,False,False
305,1093,0.99883014,16ce555748d8,4d9fc85a8259,4,3,True,True
323,2279,0.5926187,1864d3411143,a06b353e7bed,0,0,False,False
349,352,0.99999976,19722bff5a09,19e350c7c83c,1,1,True,False
357,2090,1.0000001,1a1b4b2450ca,92b0d27fc0ec,2,2,True,False
366,1300,1.0000001,1ae8c165fd53,5a36cea278ae,2,2,True,False
371,1907,0.99999994,1b4625877527,86b3a7929bec,2,2,True,False
378,1546,0.5377807,1bf30c84bbad,6cd606dc52e9,4,4,False,False
384,747,1.0,1c4d87baaffc,35aa7f5c2ec0,2,1,True,True
388,837,0.9999999,1c5e6cdc7ee1,3c53198519f7,2,2,True,False
389,2363,1.0,1c6d119c3d70,a56230242a95,2,2,True,False
392,3372,1.0000002,1c9c583c10bf,ea15a290eb96,0,1,True,True
398,2397,1.0,1cb814ed6332,a7b0d0c51731,2,2,True,False
400,2525,0.5261226,1d0b93317aa8,aec51513cf45,0,0,False,False
414,1779,0.52161974,1db18bdd43aa,7da558d92100,2,0,False,True
422,797,0.99999994,1dfbede13143,38fe9f854046,2,2,True,False
423,718,0.5766011,1dfe599d12a9,33b91def2035,0,0,False,False
431,2351,0.99999994,1e8a1fdee5b9,a47432cd41e7,1,1,True,False
431,2667,0.99999994,1e8a1fdee5b9,b8ebedd382de,1,1,True,False
433,3545,0.99999976,1e9224ccca95,f6f3ea0d2693,4,4,True,False
435,2813,0.9999999,1ee1eb7943db,c2d2b4f536da,2,2,True,False
437,972,0.5046206,1eee55494271,454a944eb557,0,0,False,False
467,713,0.5102195,21037f5c7790,3325b1fe55d2,0,0,False,False
477,3403,0.5116529,2209daf71aab,ec363f48867b,0,0,False,False
487,2734,1.0000001,22895c89792f,bd5013540a13,4,4,True,False
501,1290,0.59776115,239f2c348ea4,59ee65760535,2,2,False,False
502,3382,1.0,23d7ca170bdb,ea9e0fb6fb0b,2,2,True,False
517,732,0.6228675,24f3e70f0419,3486f7096276,0,0,False,False
517,1842,0.6231738,24f3e70f0419,81d79d53ed7b,0,0,False,False
517,2519,0.61378103,24f3e70f0419,ae94ce412de9,0,0,False,False
517,2796,0.59956694,24f3e70f0419,c1437a7a52c9,0,0,False,False
517,3566,0.58556587,24f3e70f0419,f85fd4fac887,0,0,False,False
529,2088,0.52985185,25dc1b41ed9c,92889b863ae6,2,0,False,True
548,766,1.0,26e231747848,36ec36c301c1,2,2,True,False
557,3462,1.0000001,278aa860dffd,f066db7a2efe,1,0,True,True
574,872,0.5164314,28a4d00927b7,3f49f8d100e9,2,3,False,True
574,1233,0.513609,28a4d00927b7,5548a7961a3e,2,1,False,True
583,2704,1.0000001,2923971566fe,badb5ff8d3c7,0,0,True,False
602,613,1.0000001,2a3a1ed1c285,2b21d293fdf2,2,2,True,False
616,2200,0.9992294,2b48daf24be0,9a94e0316ee3,3,3,True,False
617,1845,0.5324345,2b4c7b5f1f1e,821789e9053f,0,1,False,True
618,3227,0.52136207,2b5bb6d33959,e087bd4b88f2,0,0,False,False
634,1966,0.99999994,2cceb07ff706,8a759f94613a,2,2,True,False
635,2818,0.5256804,2cdcc910778d,c373b73a80c8,0,0,False,False
649,2625,0.5159094,2dc647e00ad3,b665041e1633,0,2,False,True
649,3102,0.5392505,2dc647e00ad3,d81338217fc5,0,2,False,True
651,2672,0.9999998,2df07eb5779f,b91ef82e723a,4,2,True,True
655,1938,0.5086885,2ecbc2e3f239,8846b09384a4,1,0,False,True
658,3577,0.5814828,2ef955d6d9ff,f952ad2e4356,0,0,False,False
660,2709,0.99879766,2f284b6a1940,bb5083fae98f,4,3,True,True
665,2426,1.0,2f7789c1e046,a8e88d4891c4,4,3,True,True
668,1261,0.51708984,2f8d14a7d390,57f933d3d7c7,0,2,False,True
672,1207,0.6885805,2fdfb80ea53c,535682537302,0,0,False,False
675,2197,0.5040109,2fefb720869a,9a56cfb980ec,0,0,False,False
684,2838,1.0000002,30cab14951ac,c546670d9684,1,0,True,True
695,1787,0.5077828,3178559fbf57,7e70344b0c25,0,0,False,False
713,1919,0.5342559,3325b1fe55d2,874f8c1929f6,0,0,False,False
715,1078,0.998925,33778d136069,4ccfa0b4e96c,3,4,True,True
718,2936,0.57373816,33b91def2035,cbc23af521f3,0,0,False,False
727,2857,0.9988719,3435fd8675a2,c62585bd68fb,3,4,True,True
729,1848,0.6823698,3461dc601cc2,82910bba4753,1,2,False,True
729,2791,0.58418304,3461dc601cc2,c0e15e8e2b46,1,1,False,False
729,2826,0.55263495,3461dc601cc2,c3cd0200df79,1,3,False,True
729,3472,0.583572,3461dc601cc2,f0c13be90519,1,1,False,False
732,921,0.5204265,3486f7096276,42af7282349b,0,0,False,False
732,973,0.50666046,3486f7096276,4554062fa836,0,0,False,False
732,1510,0.6401025,3486f7096276,6a2c3f4ef329,0,0,False,False
732,1842,0.7121379,3486f7096276,81d79d53ed7b,0,0,False,False
732,1848,0.5419009,3486f7096276,82910bba4753,0,2,False,True
732,2088,0.5978848,3486f7096276,92889b863ae6,0,0,False,False
732,2216,0.5334528,3486f7096276,9ba469af2980,0,0,False,False
732,2519,0.6975433,3486f7096276,ae94ce412de9,0,0,False,False
732,2535,0.5320586,3486f7096276,af6a1508cd95,0,0,False,False
732,2765,0.57825583,3486f7096276,bf7221a016b5,0,0,False,False
732,2796,0.65875876,3486f7096276,c1437a7a52c9,0,0,False,False
732,2879,0.5642854,3486f7096276,c7c3d363bc86,0,0,False,False
732,3196,0.51399297,3486f7096276,de730033c683,0,0,False,False
732,3463,0.6035538,3486f7096276,f06e7a9df795,0,0,False,False
732,3566,0.74184513,3486f7096276,f85fd4fac887,0,0,False,False
736,2405,0.5671904,351e842842a2,a8263d248523,0,0,False,False
741,1401,0.524465,35777eb7859d,61f403fdb434,0,4,False,True
754,1281,0.99999994,36041171f441,595446774178,1,1,True,False
755,1945,0.5467602,360832d84ce0,8906c9ed54a2,0,0,False,False
755,3458,0.5448069,360832d84ce0,f02956bd7c50,0,0,False,False
758,1756,1.0000001,36677b70b1ef,7bf981d9c7fe,1,1,True,False
785,2585,1.0000001,38487e1a5b1f,b376def52ccc,2,2,True,False
807,2307,0.9999999,3a1d3ce00f0c,a19507501b40,2,2,True,False
818,857,0.9992856,3b018e8b7303,3ddb86eb530e,3,2,True,True
824,843,0.9999998,3b4a5fcbe5e0,3ca637fddd56,4,4,True,False
847,1651,1.0000001,3cd801ffdbf0,7525ebb3434d,2,3,True,True
856,2992,0.9999998,3dbfbc11e105,d0079cc188e9,2,3,True,True
867,1596,1.0000002,3ee4841936ef,7005be54cab1,4,1,True,True
870,3583,0.99999994,3f44d749cd0b,f9e1c439d4c8,0,0,True,False
872,1587,0.50785935,3f49f8d100e9,6f4719c6bb4b,3,4,False,True
884,2340,0.9999999,3fd7df6099e3,a3b2e93d058b,2,2,True,False
898,1691,0.9999999,40e9b5630438,77a9538b8362,1,1,True,False
918,1388,1.0000002,42985aa2e32f,6165081b9021,0,1,True,True
920,1156,0.99999994,42a850acd2ac,51131b48f9d4,2,1,True,True
920,2003,0.99999994,42a850acd2ac,8cb6b0efaaac,2,2,True,False
937,1787,0.53947496,43823561c3f0,7e70344b0c25,0,0,False,False
944,3297,1.0,43fb6eda9b97,e4e343eaae2a,2,2,True,False
973,1842,0.5904644,4554062fa836,81d79d53ed7b,0,0,False,False
973,1986,0.60279185,4554062fa836,8b76c3c5cb3e,0,3,False,True
973,2089,0.5035914,4554062fa836,929cd3867815,0,2,False,True
973,2179,0.5545427,4554062fa836,992b9a07b25f,0,0,False,False
973,2519,0.78949237,4554062fa836,ae94ce412de9,0,0,False,False
973,2602,0.5404564,4554062fa836,b4e15102cd7a,0,0,False,False
973,2779,0.6686275,4554062fa836,bff51afc76d4,0,0,False,False
973,2796,0.7872086,4554062fa836,c1437a7a52c9,0,0,False,False
973,2879,0.586668,4554062fa836,c7c3d363bc86,0,0,False,False
973,3068,0.5000389,4554062fa836,d57d1be1bbd1,0,0,False,False
989,3284,0.9999999,46cdc8b685bd,e4151feb8443,4,2,True,True
995,3438,0.51741976,47536db39f00,eedae6b28f96,0,0,False,False
1006,1938,0.54968065,4860f7813654,8846b09384a4,0,0,False,False
1006,2676,0.50254095,4860f7813654,b9519abce0c1,0,0,False,False
1010,1543,1.0,48c49f662f7d,6cb98da77e3e,2,2,True,False
1034,1284,0.5102603,4a1afe4044f4,59928f999ae7,0,0,False,False
1044,1779,0.5012523,4a96c28f3f07,7da558d92100,0,0,False,False
1081,2862,0.9999999,4ce74e5eb51d,c68dfa021d62,2,2,True,False
1092,2116,1.0,4d7d6928534a,94b1d8ad35ec,1,1,True,False
1104,1734,0.5406684,4df6a81b476e,7a6e384a0846,3,3,False,False
1110,2780,0.5004669,4e54ccfd49b2,bffca6eeb2bf,0,0,False,False
1115,2190,0.5085233,4e85aa647534,9a159d4674cd,0,0,False,False
1135,2222,1.0,4fecf87184e6,9bf060db8376,3,3,True,False
1135,3559,1.0,4fecf87184e6,f7edc074f06b,3,2,True,True
1141,2061,0.5116099,5056fa7d505f,90a9a41eec6d,0,0,False,False
1156,2003,0.99999994,51131b48f9d4,8cb6b0efaaac,1,2,True,True
1179,3634,0.9999998,521d3e264d71,fe0fc67c7980,2,3,True,True
1188,3054,0.5214575,5264a54e1830,d41b33fcb94f,0,2,False,True
1200,2801,1.0,530d78467615,c1c8550508e0,2,2,True,False
1215,2257,0.5179242,540e4973829e,9f1b14dfa14c,0,0,False,False
1224,2689,0.50782263,54b322c66d01,b9d0b83d70c3,0,0,False,False
1290,2022,0.5997459,59ee65760535,8e3b79e1f1f7,2,2,False,False
1290,3540,0.5898972,59ee65760535,f66c4ee86629,2,0,False,True
1309,2625,0.5469382,5b2648ad455e,b665041e1633,0,2,False,True
1318,3218,1.0000001,5b76117c4bcb,e037643244b7,4,4,True,False
1335,1995,0.55335,5cbe88914a72,8bf2d925dc0c,0,0,False,False
1335,2176,0.5469728,5cbe88914a72,991a0b7a8c87,0,0,False,False
1335,2674,0.5270295,5cbe88914a72,b92eacd1392a,0,0,False,False
1335,3649,0.51500505,5cbe88914a72,ff4832d55461,0,0,False,False
1341,2649,0.5016512,5d3c8c1f57da,b7aca95b97b9,0,0,False,False
1348,2956,0.52782565,5db895d3f1fc,cd314653a4d8,0,0,False,False
1349,3513,1.0000001,5dc23e440de3,f4d3777f2710,2,2,True,False
1358,2309,1.0,5e7db41b3bee,a1b12fdce6c3,4,2,True,True
1359,2048,0.50682366,5e97cb2b0888,8ffa608170d3,0,0,False,False
1360,3530,0.51863146,5ea9e447bb62,f58f0b2fd718,0,0,False,False
1362,2443,0.99999994,5eb311bcb5f9,a9e984b57556,2,3,True,True
1381,1687,0.9986405,60f15dd68d30,772af553b8b7,4,3,True,True
1381,3618,0.9999999,60f15dd68d30,fcc6aa6755e6,4,3,True,True
1395,1810,0.51129436,61bbe8db6f3a,7f84284598f5,1,2,False,True
1398,2345,0.5033586,61d9c88a3a4b,a419fcb2dfb5,0,0,False,False
1398,3026,0.52090806,61d9c88a3a4b,d26bb2ed6e71,0,0,False,False
1404,1680,0.9999998,6253f23229b1,76cfe8967f7d,3,2,True,True
1415,2323,0.5260394,63363410389a,a2b97d98f130,1,0,False,True
1428,1515,1.0000001,64678182d8a8,6b00cb764237,1,1,True,False
1433,1475,0.50583714,64c6c6ee0d98,674057ab250c,0,2,False,True
1450,2941,0.9999999,65e51e18242b,cc12453ea915,1,1,True,False
1466,3470,0.5126311,668e853258cd,f0a2dc580009,2,0,False,True
1482,2818,0.5827378,67ed8cc78b97,c373b73a80c8,0,0,False,False
1485,2123,0.5008132,681c3c115684,9568eb7e9c08,2,2,False,False
1487,2493,0.5412121,683023cda6a5,ad029ba7fa8b,0,0,False,False
1488,3099,0.99999994,68332fdcaa70,d801c0a66738,1,1,True,False
1504,2418,0.5429558,69c4cbb630de,a8aed92940fb,0,0,False,False
1508,2955,0.5206253,6a244e855d0e,cd29c88c9e36,3,2,False,True
1510,1842,0.6419135,6a2c3f4ef329,81d79d53ed7b,0,0,False,False
1510,2089,0.50655025,6a2c3f4ef329,929cd3867815,0,2,False,True
1510,2179,0.53177726,6a2c3f4ef329,992b9a07b25f,0,0,False,False
1510,2519,0.6095713,6a2c3f4ef329,ae94ce412de9,0,0,False,False
1510,2796,0.5777698,6a2c3f4ef329,c1437a7a52c9,0,0,False,False
1510,3305,0.61288476,6a2c3f4ef329,e580676516b0,0,1,False,True
1510,3463,0.5343339,6a2c3f4ef329,f06e7a9df795,0,0,False,False
1510,3566,0.68668824,6a2c3f4ef329,f85fd4fac887,0,0,False,False
1537,3387,0.99999994,6c3745a222da,eadc57064154,4,4,True,False
1545,3004,0.5110082,6ccfdb031184,d15ca3469b87,0,2,False,True
1580,2226,0.9999998,6e92b1c5ac8e,9c52b87d01f1,3,3,True,False
1611,1723,1.0,71c1a3cdbe47,79ce83c07588,1,1,True,False
1612,3026,0.5151044,71c22da3d6c6,d26bb2ed6e71,0,0,False,False
1656,2011,1.0000001,7550966ef777,8d7bb0649a02,2,2,True,False
1663,2158,1.0,75a7bc945b7d,98104c8c67eb,2,2,True,False
1679,1779,0.612418,76cb010f7aa0,7da558d92100,0,0,False,False
1687,3618,0.9986405,772af553b8b7,fcc6aa6755e6,3,3,True,False
1692,2493,0.5179303,77ab222bf85c,ad029ba7fa8b,0,0,False,False
1706,3426,1.0000001,7877be80901c,ee2c2a5f7d0e,2,2,True,False
1707,2754,0.50318974,788ddb0b70b7,beb00fa6e7c9,3,0,False,True
1726,1908,1.0,7a0cff4c24b2,86baef833ae0,2,2,True,False
1730,2407,1.0,7a3ea1779b13,a8582e346df0,1,1,True,False
1730,2784,1.0,7a3ea1779b13,c027e5482e8c,1,1,True,False
1730,2912,1.0,7a3ea1779b13,ca6842bfcbc9,1,1,True,False
1734,1746,0.51067525,7a6e384a0846,7b691d9ced34,3,0,False,True
1734,2806,0.50060296,7a6e384a0846,c24bcf7a1bc4,3,0,False,True
1734,3064,0.51067525,7a6e384a0846,d51c2153d151,3,0,False,True
1739,3647,0.5155346,7adfb8fc0621,ff1e940105f9,0,0,False,False
1746,3064,0.9999999,7b691d9ced34,d51c2153d151,0,0,True,False
1748,2022,0.6695496,7b8c78b41c0d,8e3b79e1f1f7,2,2,False,False
1748,3540,0.5738488,7b8c78b41c0d,f66c4ee86629,2,0,False,True
1772,2076,1.0,7d261f986bef,91cbe1c775ef,2,2,True,False
1783,2074,0.9999999,7e160c8b611e,91b6ebaa3678,3,3,True,False
1791,2732,0.5071778,7e980424868e,bd375ba756b1,0,0,False,False
1818,2467,1.0,80964d8e0863,ab50123abadb,4,2,True,True
1824,3640,1.0,80d24897669f,fea14b3d44b0,1,1,True,False
1830,1926,0.9999998,80feb1f7ca5e,878a3a097436,2,2,True,False
1842,2179,0.5348519,81d79d53ed7b,992b9a07b25f,0,0,False,False
1842,2519,0.7800794,81d79d53ed7b,ae94ce412de9,0,0,False,False
1842,2535,0.51997095,81d79d53ed7b,af6a1508cd95,0,0,False,False
1842,2602,0.5150485,81d79d53ed7b,b4e15102cd7a,0,0,False,False
1842,2765,0.54045624,81d79d53ed7b,bf7221a016b5,0,0,False,False
1842,2796,0.75023115,81d79d53ed7b,c1437a7a52c9,0,0,False,False
1842,2879,0.568788,81d79d53ed7b,c7c3d363bc86,0,0,False,False
1842,3305,0.52741754,81d79d53ed7b,e580676516b0,0,1,False,True
1842,3463,0.60443884,81d79d53ed7b,f06e7a9df795,0,0,False,False
1842,3566,0.75186896,81d79d53ed7b,f85fd4fac887,0,0,False,False
1848,2791,0.5594288,82910bba4753,c0e15e8e2b46,2,1,False,True
1848,3472,0.61023766,82910bba4753,f0c13be90519,2,1,False,True
1868,3314,0.5020745,83df53d58f28,e60e4edb3ca9,0,0,False,False
1871,1892,0.9999999,840527bc6628,857002ed4e49,2,2,True,False
1876,2035,0.99999994,8446826853d0,8ef2eb8c51c4,2,1,True,True
1885,3073,0.5440017,84b88e8d3bca,d6130f2ec903,0,0,False,False
1904,2778,0.9977314,8688f3d0fcaf,bfefa7344e7d,3,4,True,True
1904,3112,0.9977314,8688f3d0fcaf,d85ea1220a03,3,4,True,True
1945,3458,0.5200531,8906c9ed54a2,f02956bd7c50,0,0,False,False
1950,2038,0.52632004,895fe2bfc5b6,8f14bca04b47,0,0,False,False
1986,2519,0.61803037,8b76c3c5cb3e,ae94ce412de9,3,0,False,True
1986,2796,0.57721907,8b76c3c5cb3e,c1437a7a52c9,3,0,False,True
1995,2674,0.53988624,8bf2d925dc0c,b92eacd1392a,0,0,False,False
2022,3540,0.5572389,8e3b79e1f1f7,f66c4ee86629,2,0,False,True
2029,3022,0.50556374,8ead17dfb6a6,d1fa0f744620,0,0,False,False
2044,3018,0.9999998,8fc09fecd22f,d1cad012a254,1,1,True,False
2056,2344,1.0,906d02fb822d,a4012932e18d,0,0,True,False
2088,2306,0.5306042,92889b863ae6,a188c60b93fb,0,0,False,False
2088,2519,0.6161866,92889b863ae6,ae94ce412de9,0,0,False,False
2088,2741,0.5067807,92889b863ae6,bde1063a5dd7,0,0,False,False
2088,2765,0.5874246,92889b863ae6,bf7221a016b5,0,0,False,False
2088,2879,0.5406516,92889b863ae6,c7c3d363bc86,0,0,False,False
2088,3097,0.534589,92889b863ae6,d7bc62d60e8c,0,0,False,False
2089,2519,0.5013958,929cd3867815,ae94ce412de9,2,0,False,True
2089,2796,0.5024956,929cd3867815,c1437a7a52c9,2,0,False,True
2089,3305,0.6359639,929cd3867815,e580676516b0,2,1,False,True
2100,3661,0.52576953,936299166bea,ffec9a18a3ce,0,2,False,True
2127,2968,0.5135127,95a4cc805c7b,cd972e5639e0,1,4,False,True
2163,3160,0.50347674,9858cc2ae073,db3cd58aa315,0,0,False,False
2171,3332,0.99999994,98f7136d2e7a,e740af6ac6ea,2,4,True,True
2179,2519,0.5887163,992b9a07b25f,ae94ce412de9,0,0,False,False
2179,2796,0.5860214,992b9a07b25f,c1437a7a52c9,0,0,False,False
2179,3285,0.53463763,992b9a07b25f,e4210e7fe587,0,3,False,True
2194,3460,0.99999994,9a3c03a5ad0f,f03d3c4ce7fb,2,4,True,True
2209,2302,1.0000001,9b32e8ef0ca0,a15652b22ab8,2,2,True,False
2210,2744,1.0,9b418ce42c13,be161517d3ac,2,2,True,False
2214,2261,0.99999994,9b7b6e4db1d5,9f4132bd6ed6,2,2,True,False
2216,2519,0.5113955,9ba469af2980,ae94ce412de9,0,0,False,False
2216,2796,0.5112496,9ba469af2980,c1437a7a52c9,0,0,False,False
2222,3559,1.0,9bf060db8376,f7edc074f06b,3,2,True,True
2224,3536,0.59952897,9c14ce27cbfc,f62b8a076833,0,0,False,False
2227,2903,0.9999999,9c5dd3612f0c,c9f0dc2c8b43,2,2,True,False
2248,2567,0.9999999,9e3510963315,b187b3c93afb,4,2,True,True
2258,2960,0.9999998,9f1efb799b7b,cd4e7f9fa1a9,2,2,True,False
2279,2985,0.5215665,a06b353e7bed,cf8f1bc7a215,0,0,False,False
2279,3458,0.5353684,a06b353e7bed,f02956bd7c50,0,0,False,False
2284,2625,0.5501092,a07efb1ecfc0,b665041e1633,0,2,False,True
2345,3026,0.52426845,a419fcb2dfb5,d26bb2ed6e71,0,0,False,False
2351,2667,0.99999994,a47432cd41e7,b8ebedd382de,1,1,True,False
2360,3133,0.99999976,a505981d1cab,d994203deb64,2,2,True,False
2407,2784,1.0,a8582e346df0,c027e5482e8c,1,1,True,False
2407,2912,1.0,a8582e346df0,ca6842bfcbc9,1,1,True,False
2420,3266,0.9999998,a8b637abd96b,e2c3b037413b,0,0,True,False
2432,2915,0.54334146,a963ac561580,ca7f5caddf96,0,2,False,True
2450,2494,0.51462185,aa6242f9e08c,ad12cde115ab,0,0,False,False
2481,2748,0.547159,ac0a48ccbf70,be521870a0ea,0,0,False,False
2488,2785,0.9999999,aca88f566228,c05b7b4c22fe,2,2,True,False
2493,2573,0.63506496,ad029ba7fa8b,b21abe5d9722,0,0,False,False
2493,2991,0.57950836,ad029ba7fa8b,cffc50047828,0,0,False,False
2493,3094,0.6441918,ad029ba7fa8b,d7ab5c040294,0,0,False,False
2513,2967,0.5162375,ae57c8630249,cd941e5bc659,0,0,False,False
2519,2535,0.5536219,ae94ce412de9,af6a1508cd95,0,0,False,False
2519,2602,0.56864583,ae94ce412de9,b4e15102cd7a,0,0,False,False
2519,2765,0.5608989,ae94ce412de9,bf7221a016b5,0,0,False,False
2519,2779,0.5046369,ae94ce412de9,bff51afc76d4,0,0,False,False
2519,2796,0.82934034,ae94ce412de9,c1437a7a52c9,0,0,False,False
2519,2879,0.653166,ae94ce412de9,c7c3d363bc86,0,0,False,False
2519,3068,0.5197606,ae94ce412de9,d57d1be1bbd1,0,0,False,False
2519,3305,0.5039153,ae94ce412de9,e580676516b0,0,1,False,True
2519,3463,0.6059955,ae94ce412de9,f06e7a9df795,0,0,False,False
2519,3566,0.6353251,ae94ce412de9,f85fd4fac887,0,0,False,False
2528,2792,0.9999998,aeed1f251ceb,c0e509786f7f,4,4,True,False
2535,2796,0.51302296,af6a1508cd95,c1437a7a52c9,0,0,False,False
2543,3250,0.9991623,b019a49787c1,e1fb532f55df,3,3,True,False
2547,3003,1.0,b06dabab4f09,d144144a2f3f,2,2,True,False
2564,3143,0.9999999,b13d72ceea26,da0a1043abf7,2,2,True,False
2573,2763,0.53475595,b21abe5d9722,bf6cbccacf39,0,0,False,False
2573,2991,0.52588654,b21abe5d9722,cffc50047828,0,0,False,False
2602,2796,0.5538568,b4e15102cd7a,c1437a7a52c9,0,0,False,False
2606,2921,0.61194664,b532dedd928c,cad5b1a82e60,0,0,False,False
2663,3646,0.99999994,b8ac328009e0,ff0740cb484a,2,2,True,False
2671,3277,1.0000001,b9127e38d9b9,e39b627cf648,2,4,True,True
2698,3414,0.9999998,ba735b286d62,ed3a0fc5b546,4,4,True,False
2703,3232,1.0,bacfb1029f6b,e12d41e7b221,1,2,True,True
2713,3335,1.0000001,bb7e0a2544cd,e76a9cbb2a8c,3,3,True,False
2728,3576,1.0000001,bcdc8db5423b,f920ccd926db,2,2,True,False
2732,2842,0.52122897,bd375ba756b1,c56e65f74187,0,1,False,True
2778,3112,1.0000002,bfefa7344e7d,d85ea1220a03,4,4,True,False
2779,2796,0.5092013,bff51afc76d4,c1437a7a52c9,0,0,False,False
2784,2912,1.0,c027e5482e8c,ca6842bfcbc9,1,1,True,False
2796,2879,0.61097276,c1437a7a52c9,c7c3d363bc86,0,0,False,False
2796,3463,0.57770175,c1437a7a52c9,f06e7a9df795,0,0,False,False
2796,3566,0.6402297,c1437a7a52c9,f85fd4fac887,0,0,False,False
2818,3004,0.55681807,c373b73a80c8,d15ca3469b87,0,2,False,True
2827,3092,0.51262057,c3d12a23f451,d78b7401096f,4,0,False,True
2829,3450,0.5273522,c406325360b1,ef99c499d665,2,0,False,True
2905,3371,1.0000001,ca0f1a17c8e5,ea05c22d92e9,2,2,True,False
2916,3172,0.9999999,ca891d37a43c,dc3c0d8ee20b,2,2,True,False
2957,3103,0.9999999,cd3fd04d72f5,d81b6ed83bc2,2,2,True,False
2959,3026,0.5156084,cd48cfab4e44,d26bb2ed6e71,0,0,False,False
2966,2994,0.9988205,cd93a472e5cd,d035c2bd9104,4,3,True,True
2967,3491,0.54814845,cd941e5bc659,f35d80bb1a22,0,0,False,False
2973,3339,1.0000001,ce887b196c23,e7a7187066ad,2,2,True,False
2985,3458,0.50014347,cf8f1bc7a215,f02956bd7c50,0,0,False,False
3026,3051,0.5513916,d26bb2ed6e71,d3dfd0a2dee6,0,0,False,False
3030,3585,1.0000001,d28bd830c171,f9ecf1795804,2,2,True,False
3063,3205,0.9999999,d51b3fe0fa1b,df4913ca3712,4,4,True,False
3305,3566,0.5043021,e580676516b0,f85fd4fac887,1,0,False,True
3352,3482,0.99999976,e8d1c6c07cf2,f23902998c21,3,2,True,True
3427,3429,0.5327174,ee36ca728641,ee3fe7809e6a,0,0,False,False
3454,3647,0.5141158,f00ce9b9d6f4,ff1e940105f9,0,0,False,False
3463,3566,0.5597393,f06e7a9df795,f85fd4fac887,0,0,False,False
3477,3652,0.9999999,f1a761c68559,ff52392372d3,2,2,True,False
