name,stage,backbone,method,balance,lr_head,lr_ft,dropout,batch,unfreeze,epochs_head,epochs_ft,patience,val_accuracy,val_macro_precision,val_macro_recall,val_macro_f1,val_weighted_f1,val_qwk,val_referable_sensitivity,val_referable_specificity,val_referable_auc,phase1_val_qwk,phase1_val_accuracy,phase1_val_macro_f1,selected_phase,epochs_trained,best_epoch,train_accuracy_at_best,val_accuracy_at_best,train_loss_at_best,val_loss_at_best,trainable_params_phase2,total_params,minutes
EfficientNetB0_raw_class_weights_ft1e-04_do0.3_bs32_ufall,A: preprocessing,EfficientNetB0,raw,class_weights,0.001,0.0001,0.3,32,all,5,20,5,0.8087954110898662,0.6663856572059395,0.6675123012515172,0.6581469312951427,0.8129729583841331,0.8967066607416185,0.9211822660098522,0.940625,0.9850523399014779,0.7740290283499376,0.6806883365200764,0.5143967418826522,2,24,19,0.8446721434593201,0.8087953925132751,0.5302574634552002,0.49290958046913147,4754017,4838056,9.9
EfficientNetB0_clahe_class_weights_ft1e-04_do0.3_bs32_ufall,A: preprocessing,EfficientNetB0,clahe,class_weights,0.001,0.0001,0.3,32,all,5,20,5,0.7934990439770554,0.6314059772003697,0.6605525722815391,0.6388191765699489,0.7984112189147566,0.8912879820010576,0.8620689655172413,0.959375,0.9804956896551724,0.7670876605447388,0.6481835564053537,0.4493544211711624,2,20,15,0.8442623019218445,0.7934990525245667,0.4981147050857544,0.5488765239715576,4754017,4838056,8.9
EfficientNetB0_ben_graham_class_weights_ft1e-04_do0.3_bs32_ufall,A: preprocessing,EfficientNetB0,ben_graham,class_weights,0.001,0.0001,0.3,32,all,5,20,5,0.7934990439770554,0.6383584770032422,0.6609087206888574,0.6437190836180572,0.7975890590095673,0.8875250210921604,0.8177339901477833,0.959375,0.9745535714285715,0.7462086320585577,0.621414913957935,0.4617030299561698,2,16,11,0.7926229238510132,0.7934990525245667,0.7228360772132874,0.5413014888763428,4754017,4838056,6.6
EfficientNetB0_enhanced_class_weights_ft1e-04_do0.3_bs32_ufall,A: preprocessing,EfficientNetB0,enhanced,class_weights,0.001,0.0001,0.3,32,all,5,20,5,0.7667304015296367,0.622040626040626,0.6338782329806014,0.6027721606075253,0.7776292985096254,0.8774399796973222,0.9359605911330049,0.940625,0.9786483990147783,0.8218671281792678,0.6883365200764818,0.5147973400142082,2,13,8,0.7602459192276001,0.7667304277420044,0.8331279158592224,0.6293642520904541,4754017,4838056,5.6
EfficientNetB3_raw_class_weights_ft1e-04_do0.3_bs32_ufall,B: backbone,EfficientNetB3,raw,class_weights,0.001,0.0001,0.3,32,all,5,20,5,0.8336520076481836,0.6828274089124846,0.6595639592187287,0.666845548143152,0.8276658872821285,0.9154580121615831,0.9359605911330049,0.9375,0.9851908866995074,0.786947529361252,0.7189292543021033,0.5425923764817419,2,22,17,0.9057376980781555,0.8336520195007324,0.31022414565086365,0.5677233934402466,11528493,11703092,14.7
DenseNet121_raw_class_weights_ft1e-04_do0.3_bs32_ufall,B: backbone,DenseNet121,raw,class_weights,0.001,0.0001,0.3,32,all,5,20,5,0.7954110898661568,0.6464214615754079,0.665001847643858,0.6483937357884744,0.8010286043971324,0.9088996598276325,0.8423645320197044,0.95,0.9771243842364532,0.8152833928248497,0.6443594646271511,0.4327846940852571,2,25,23,0.838524580001831,0.7954111099243164,0.5569323897361755,0.5423319935798645,7527621,7694917,14.9
ResNet50V2_raw_class_weights_ft1e-04_do0.3_bs32_ufall,B: backbone,ResNet50V2,raw,class_weights,0.001,0.0001,0.3,32,all,5,20,5,0.7839388145315488,0.6381447392262493,0.6397872579127012,0.6264407507665731,0.7934676384198607,0.8960267411325221,0.8472906403940886,0.940625,0.9738916256157636,0.7516693236687273,0.6634799235181644,0.4964003598033878,2,24,19,0.8229508399963379,0.7839388251304626,0.6301738023757935,0.5914983153343201,24655621,24746501,11.6
EfficientNetB3_raw_none_ft1e-04_do0.3_bs32_ufall,C: class balancing,EfficientNetB3,raw,none,0.001,0.0001,0.3,32,all,5,20,5,0.8279158699808795,0.6700729354612546,0.5943834288847267,0.6029342326731136,0.8043951183386786,0.9154641731856317,0.9556650246305419,0.915625,0.9808343596059113,0.8152251982932994,0.7762906309751434,0.463110329780765,2,15,10,0.8610655665397644,0.8279158473014832,0.3881886601448059,0.5004988312721252,11528493,11703092,10.0
EfficientNetB3_raw_balanced_sampling_ft1e-04_do0.3_bs32_ufall,C: class balancing,EfficientNetB3,raw,balanced_sampling,0.001,0.0001,0.3,32,all,5,20,5,0.8240917782026769,0.6480290848222081,0.6332962695341593,0.6379229351633356,0.8191276747365768,0.9092101456263864,0.8817733990147784,0.953125,0.9861145320197043,0.7821555577451921,0.7131931166347992,0.5432733224286053,2,25,22,0.9683441519737244,0.8240917921066284,0.08791036158800125,0.7674986720085144,11528493,11703092,16.5
EfficientNetB3_raw_class_weights_ft1e-04_do0.5_bs32_ufall,D: hyper-parameters,EfficientNetB3,raw,class_weights,0.001,0.0001,0.5,32,all,5,20,5,0.8202676864244742,0.6811363382449324,0.698344254398058,0.6846375852462596,0.8249804221566361,0.9118196538960738,0.8620689655172413,0.965625,0.9832820197044335,0.7940314181945478,0.7151051625239006,0.5341071951955423,2,23,18,0.8799180388450623,0.8202676773071289,0.40016376972198486,0.5241649150848389,11528493,11703092,15.6
EfficientNetB3_raw_class_weights_ft1e-04_do0.3_bs16_ufall,D: hyper-parameters,EfficientNetB3,raw,class_weights,0.001,0.0001,0.3,16,all,5,20,5,0.8107074569789675,0.6530556188450926,0.6737222227504223,0.6559871808950694,0.8140956375378727,0.902913112889453,0.8374384236453202,0.98125,0.9854217980295568,0.7836473550103038,0.6845124282982792,0.5284656886890504,2,16,11,0.8286885023117065,0.8107074499130249,0.5915408134460449,0.48418083786964417,11528493,11703092,12.6
EfficientNetB3_raw_class_weights_ft1e-05_do0.3_bs32_ufall,D: hyper-parameters,EfficientNetB3,raw,class_weights,0.001,1e-05,0.3,32,all,5,20,5,0.7571701720841301,0.6197450763388093,0.6354832143298568,0.588721847005209,0.7603703657594992,0.8387276212127625,0.729064039408867,0.971875,0.9671182266009852,0.7927407339464645,0.7112810707456979,0.5573793091427098,2,12,7,0.7012295126914978,0.7571702003479004,0.932440459728241,0.644282341003418,11528493,11703092,8.2
EfficientNetB3_raw_class_weights_ft1e-04_do0.3_bs32_uf30,D: hyper-parameters,EfficientNetB3,raw,class_weights,0.001,0.0001,0.3,32,30,5,20,5,0.7304015296367112,0.5879832034015104,0.6303196328798208,0.5677775578073483,0.7341808225744078,0.8190830452478484,0.6896551724137931,0.96875,0.9652555418719212,0.8146119115732356,0.734225621414914,0.5547963987116699,2,12,7,0.7086065411567688,0.7304015159606934,0.944426417350769,0.6672526597976685,4454335,11703092,5.4
