,APTOS 2019 test (internal),EyePACS 2015 (external),change
accuracy,0.8087954110898662,0.6878095997266982,-0.120985811363168
macro_precision,0.6444513009690304,0.34466976465007254,-0.2997815363189578
macro_recall,0.6545995620164988,0.32463063172504947,-0.32996893029144936
macro_f1,0.645382385168382,0.31360191884332395,-0.33178046632505803
weighted_f1,0.8095382859773393,0.6595899929454773,-0.14994829303186208
qwk,0.8995131059051167,0.38770331205624253,-0.5118097938488742
within_one_grade_accuracy,0.9617590822179732,0.8325172237089336,-0.1292418585090397
referable_sensitivity,0.8472906403940886,0.3097628400989379,-0.5375278002951507
referable_specificity,0.9625,0.9452093582982338,-0.017290641701766196
referable_auc,0.9793103448275863,0.745142994565602,-0.23416735026198432
