name,stage,best_epoch,epochs_trained,train_accuracy_at_best,val_accuracy_at_best,train_loss_at_best,val_loss_at_best,accuracy gap (train - val)
EfficientNetB0_raw_class_weights_ft1e-04_do0.3_bs32_ufall,A: preprocessing,19,24,0.8446721434593201,0.8087953925132751,0.5302574634552002,0.49290958046913147,0.03587675094604492
EfficientNetB0_clahe_class_weights_ft1e-04_do0.3_bs32_ufall,A: preprocessing,15,20,0.8442623019218445,0.7934990525245667,0.4981147050857544,0.5488765239715576,0.05076324939727783
EfficientNetB0_ben_graham_class_weights_ft1e-04_do0.3_bs32_ufall,A: preprocessing,11,16,0.7926229238510132,0.7934990525245667,0.7228360772132874,0.5413014888763428,-0.0008761286735534668
EfficientNetB0_enhanced_class_weights_ft1e-04_do0.3_bs32_ufall,A: preprocessing,8,13,0.7602459192276001,0.7667304277420044,0.8331279158592224,0.6293642520904541,-0.006484508514404297
EfficientNetB3_raw_class_weights_ft1e-04_do0.3_bs32_ufall,B: backbone,17,22,0.9057376980781555,0.8336520195007324,0.31022414565086365,0.5677233934402466,0.0720856785774231
DenseNet121_raw_class_weights_ft1e-04_do0.3_bs32_ufall,B: backbone,23,25,0.838524580001831,0.7954111099243164,0.5569323897361755,0.5423319935798645,0.04311347007751465
ResNet50V2_raw_class_weights_ft1e-04_do0.3_bs32_ufall,B: backbone,19,24,0.8229508399963379,0.7839388251304626,0.6301738023757935,0.5914983153343201,0.039012014865875244
EfficientNetB3_raw_none_ft1e-04_do0.3_bs32_ufall,C: class balancing,10,15,0.8610655665397644,0.8279158473014832,0.3881886601448059,0.5004988312721252,0.03314971923828125
EfficientNetB3_raw_balanced_sampling_ft1e-04_do0.3_bs32_ufall,C: class balancing,22,25,0.9683441519737244,0.8240917921066284,0.08791036158800125,0.7674986720085144,0.14425235986709595
EfficientNetB3_raw_class_weights_ft1e-04_do0.5_bs32_ufall,D: hyper-parameters,18,23,0.8799180388450623,0.8202676773071289,0.40016376972198486,0.5241649150848389,0.05965036153793335
EfficientNetB3_raw_class_weights_ft1e-04_do0.3_bs16_ufall,D: hyper-parameters,11,16,0.8286885023117065,0.8107074499130249,0.5915408134460449,0.48418083786964417,0.01798105239868164
EfficientNetB3_raw_class_weights_ft1e-05_do0.3_bs32_ufall,D: hyper-parameters,7,12,0.7012295126914978,0.7571702003479004,0.932440459728241,0.644282341003418,-0.05594068765640259
EfficientNetB3_raw_class_weights_ft1e-04_do0.3_bs32_uf30,D: hyper-parameters,7,12,0.7086065411567688,0.7304015159606934,0.944426417350769,0.6672526597976685,-0.02179497480392456
