epoch,phase,accuracy,loss,val_accuracy,val_loss,val_qwk,val_macro_f1,lr,learning_rate
1,1,0.5672131180763245,1.36659574508667,0.3346080183982849,1.3705891370773315,0.5650284028497002,0.31816710799154624,0.0010000000474974513,0.0010000000474974513
2,1,0.618852436542511,1.1453214883804321,0.6367112994194031,0.8586497902870178,0.7434579538911046,0.4770075660542291,0.0010000000474974513,0.0010000000474974513
3,1,0.6680327653884888,1.039151906967163,0.6214148998260498,0.8590419888496399,0.7462086320585577,0.4617030299561698,0.0010000000474974513,0.0010000000474974513
4,1,0.67909836769104,1.0263088941574097,0.5449330806732178,0.9807907342910767,0.72606457695476,0.37444515607161777,0.0010000000474974513,0.0010000000474974513
5,1,0.7004098296165466,0.9471821784973145,0.5124282836914062,1.001335859298706,0.6875483391175012,0.4208008069828722,0.0005000000237487257,0.0005000000237487257
6,2,0.6778688430786133,1.0354716777801514,0.6214148998260498,0.8159412741661072,0.7701817918634377,0.4859341871189513,9.999999747378752e-05,9.999999747378752e-05
7,2,0.7262294888496399,0.8982697129249573,0.6520076394081116,0.7876086831092834,0.8062119463434347,0.5452849227455541,9.999999747378752e-05,9.999999747378752e-05
8,2,0.7405737638473511,0.8730436563491821,0.6845124363899231,0.7668753862380981,0.8385146202748845,0.5154635216102676,9.999999747378752e-05,9.999999747378752e-05
9,2,0.7442622780799866,0.8332191705703735,0.7839388251304626,0.5731114745140076,0.8747294768012447,0.6296311575177458,9.999999747378752e-05,9.999999747378752e-05
10,2,0.7700819969177246,0.7940654754638672,0.7093690037727356,0.6863229274749756,0.8009960765744436,0.525860669688069,9.999999747378752e-05,9.999999747378752e-05
11,2,0.7926229238510132,0.7228360772132874,0.7934990525245667,0.5413014888763428,0.8875250210921604,0.6437190836180572,9.999999747378752e-05,9.999999747378752e-05
12,2,0.7995901703834534,0.6740164756774902,0.7265774607658386,0.6786081194877625,0.8592915252065851,0.5970010258334683,9.999999747378752e-05,9.999999747378752e-05
13,2,0.7745901346206665,0.7126173973083496,0.7877628803253174,0.547660768032074,0.878775594808388,0.6133791738904961,9.999999747378752e-05,9.999999747378752e-05
14,2,0.8315573930740356,0.5946926474571228,0.7896749377250671,0.5438303351402283,0.8831449706067377,0.6377424725003341,4.999999873689376e-05,4.999999873689376e-05
15,2,0.8225409984588623,0.5735889077186584,0.7686424255371094,0.5690311789512634,0.8685438444980085,0.6046190802119416,4.999999873689376e-05,4.999999873689376e-05
16,2,0.8491803407669067,0.4946199655532837,0.7782026529312134,0.5559024214744568,0.878780036315372,0.6224643451720311,2.499999936844688e-05,2.499999936844688e-05
